{
	"format_version": "1.8.0",
	"animations": {
		"animation.open": {
			"loop": "hold_on_last_frame",
			"animation_length": 0.9167,
			"bones": {
				"bone": {
					"rotation": {
						"0.0": {
							"vector": [0, 0, 0]
						},
						"0.0833": {
							"vector": [-7.5, 0, 0]
						},
						"0.25": {
							"vector": [0, 0, 0]
						},
						"0.3333": {
							"vector": [-7.5, 0, 0]
						},
						"0.5417": {
							"vector": [-127.5, 0, 0]
						},
						"0.5833": {
							"vector": [-174.75038, 1.24992, -1.34325]
						},
						"0.7083": {
							"vector": [-183.95222, 7.31583, -0.58291]
						},
						"0.7917": {
							"vector": [-183.95222, 7.31583, 6.91709]
						},
						"0.8333": {
							"vector": [-183.95222, 7.31583, -3.08291]
						},
						"0.9167": {
							"vector": [-183.95222, 7.31583, -0.58291]
						}
					},
					"position": {
						"0.0": {
							"vector": [0, 0, 0]
						},
						"0.3333": {
							"vector": [0, 0.33, -0.06]
						},
						"0.5417": {
							"vector": [0, 0.53, 1.53]
						},
						"0.7083": {
							"vector": [0, -15, 2]
						},
						"0.7917": {
							"vector": [0, -14, 2]
						},
						"0.8333": {
							"vector": [0, -15, 2]
						},
						"0.875": {
							"vector": [0, -14, 2]
						},
						"0.9167": {
							"vector": [0, -15, 2]
						}
					}
				}
			}
		},
		"animation.idle": {
			"animation_length": 0.5,
			"bones": {
			}
		}
	}
}